{
    "trial5_run1": {
        "reward_average": 0.888436496257782,
        "config": {
            "n_steps": 100,
            "learning_rate": 0.000568693678278647,
            "gamma": 0.9743440077383112,
            "gae_lambda": 0.9213666920087923,
            "ent_coef": 0.015497025538787557,
            "vf_coef": 0.7572941832896481
        }
    },
    "trial14_run1": {
        "reward_average": 0.888436496257782,
        "config": {
            "n_steps": 10,
            "learning_rate": 0.0001545611100639787,
            "gamma": 0.9094887683943252,
            "gae_lambda": 0.9873083102572288,
            "ent_coef": 0.0976156773245273,
            "vf_coef": 0.42864533956805395
        }
    }
}