{
    "trial114_run2": {
        "reward_average": 0.57,
        "config": {
            "n_steps": 5,
            "learning_rate": 0.002981172680943043,
            "gamma": 0.9273274623898375,
            "gae_lambda": 0.9659802872920022,
            "ent_coef": 0.06443206492982297,
            "vf_coef": 0.1184898601844189
        }
    },
    "trial79_run3": {
        "reward_average": 0.6610705852508545,
        "config": {
            "n_steps": 20, 
            "learning_rate": 0.001570376198958359, 
            "gamma": 0.9154785103133573, 
            "gae_lambda": 0.9644010054106701, 
            "ent_coef": 0.09093196310755056, 
            "vf_coef": 0.43795677412063205
        }
    }
}