{
    "trial49_run1": {
        "reward_average": 0.3105081617832184,
        "config": {
            "batch_size": 512, 
            "buffer_size": 100000, 
            "learning_rate": 0.002192963766359842, 
            "tau": 0.0015661843317282323, 
            "gamma": 0.9988993766824212, 
            "sigma": 0.16035755622307551
        }
    },
}